EF16U2,TAETIGKEITSSCHLUESSEL4,TAETIGKEITSSCHLUESSEL5
6,2,3
6,2,3
6,2,3
6,2,3
6,2,3
6,2,3
6,2,3
6,2,3
5,2,3
5,2,3
5,2,3
5,2,3
5,2,3
5,2,3
2,2,1
2,2,1
2,2,1
2,2,1
3,2,1
2,2,1
3,2,1
2,2,1
3,2,1
3,2,1
2,1,3
2,1,3
2,1,3
2,1,3
2,1,3
2,1,3
2,1,3
2,1,3
3,1,3
3,1,3
3,1,3
3,1,3
3,1,3
3,1,3
3,1,3
3,1,3
3,1,3
3,1,3
1,1,3
1,1,3
1,1,3
1,1,3
1,1,3
1,1,3
5,1,1
5,1,1
5,1,1
5,1,1
5,1,1
5,1,1
5,1,1
5,1,1
5,1,1
5,1,1
5,1,1
5,1,1
5,1,1
4,1,1
4,1,1
4,1,1
4,1,1
4,1,1
4,1,3
4,1,3
4,1,3
4,1,3
4,1,3
4,1,3
4,1,3
4,1,3
4,1,3
4,1,3
4,1,3
4,1,3
5,1,3
5,1,3
5,1,3
5,1,3
6,2,1
6,2,1
6,2,1
5,2,1
5,2,1
5,2,1
5,2,1
5,2,1
5,2,1
5,2,1
5,2,1
5,2,1
2,2,3
2,2,3
2,2,3
2,2,3
2,2,3
2,2,3
2,2,3
2,2,3
1,2,3
1,2,3
1,2,3
1,2,3
1,2,3
1,2,3
1,2,3
2,1,1
2,1,1
2,1,1
2,1,1
2,1,1
2,1,1
2,1,1
2,1,1
3,1,1
3,1,1
3,1,1
3,1,1
3,1,1
3,1,1
1,1,1
1,1,1
1,1,1
1,1,1
1,1,1
